<?xml version="1.0" encoding="UTF-8" standalone="yes"?>
<tempoReportHaul xmlns:a="http://www.appian.com/ae/types/2009">
    <tempoReport a:uuid="0c4da071-6b80-4f6f-97f2-5df8935ee223" name="Thought Starters">
        <a:description>Aggregated information and metrics on Thought Starters</a:description>
        <a:uiExpr>=#"_a-0000df51-4350-8000-9ba2-011c48011c48_4156"()</a:uiExpr>
        <a:urlStub>SX7JFQ</a:urlStub>
    </tempoReport>
    <roleMap>
        <role name="report_administrator">
            <users/>
            <groups>
                <groupUuid>_e-0000df51-4311-8000-9aee-01075c01075c_10</groupUuid>
            </groups>
        </role>
        <role name="report_viewer">
            <users/>
            <groups>
                <groupUuid>_e-0000df51-4311-8000-9aee-01075c01075c_11</groupUuid>
            </groups>
        </role>
    </roleMap>
</tempoReportHaul>
