<?xml version="1.0" encoding="UTF-8" standalone="yes"?>
<contentHaul xmlns:a="http://www.appian.com/ae/types/2009">
    <versionUuid>_a-0000df6d-83a9-8000-9ba2-011c48011c48_42273</versionUuid>
    <rule>
        <name>MIC_TaskForm</name>
        <uuid>581c781b-3361-473a-9fa4-3bff74d97cfa_TASKFORM</uuid>
        <description>Form for ad-hoc tasks sent from Thought Starter records</description>
        <parentUuid>66b61b07-4680-40bc-918c-d61a8190eea7</parentUuid>
        <visibility>
            <advertise>false</advertise>
            <hierarchy>true</hierarchy>
            <indexable>true</indexable>
            <quota>false</quota>
            <searchable>true</searchable>
            <system>false</system>
            <unlogged>false</unlogged>
        </visibility>
        <definition>load(
  local!record: #"7b8e3fcf-660d-4eb2-a233-ae6fd7e47d70_GETONERECORD"(ri!recordId),
  #"SYSTEM_SYSRULES_formLayout_v1"(
    label: "Task about " &amp; local!record.thoughtStarterTitle,
    contents: {
      #"SYSTEM_SYSRULES_sectionLayout_v1"(
        label: "Task Information",
        contents: #"SYSTEM_SYSRULES_columnsLayout"(
          columns: {
            #"SYSTEM_SYSRULES_columnLayout"(
              contents: {
                #"SYSTEM_SYSRULES_paragraphField"(
                  label: "Task Details",
                  labelPosition: "ADJACENT",
                  value: ri!taskDetails,
                  readOnly: true
                ),
                #"SYSTEM_SYSRULES_linkField"(
                  label: "Record Link",
                  labelPosition: "ADJACENT",
                  links: #"SYSTEM_SYSRULES_recordLink"(
                    label: local!record.thoughtStarterTitle,
                    recordType: #"_a-0000df51-4350-8000-9ba2-011c48011c48_4127",
                    identifier: local!record.id
                  )
                )
              }
            ),
            #"SYSTEM_SYSRULES_columnLayout"(
              contents: {
                #"SYSTEM_SYSRULES_linkField"(
                  label: "Task From",
                  labelPosition: "ADJACENT",
                  links: #"_a-0000df51-4350-8000-9ba2-011c48011c48_4155"(
                    username: ri!taskFrom,
                    label: #"53621e5a-c914-48ec-b301-d575ec8a7e95_FORMATNAME"(ri!taskFrom)
                  )
                ),
                #"SYSTEM_SYSRULES_dateTimeField"(
                  label: "Task Sent",
                  labelPosition: "ADJACENT",
                  value: ri!taskedOn,
                  readOnly: true
                )
              }
            )
          }
        )
      ),
      #"SYSTEM_SYSRULES_sectionLayout_v1"(
        label: "",
        contents: {
          #"SYSTEM_SYSRULES_paragraphField"(
            label: "Comments",
            labelPosition: "ADJACENT",
            required: true,
            validations: if(
              len(ri!comments)&gt;4000,
              "Comments may not be longer than 4000 characters. You have entered " &amp; len(ri!comments) &amp; " characters.",
              ""
            ),
            helpTooltip: "Any comments entered here will be shared in the record's activity history",
            value: ri!comments,
            saveInto: ri!comments,
            refreshAfter: "KEYPRESS"
          )
        }
      ),
      #"_a-0000df51-4350-8000-9ba2-011c48011c48_4151"(
        label: "Record Information",
        record: local!record,
        creating: false,
        readOnly: true,
        documents: if(
          isnull(local!record.folderId),
          {},
          folder(local!record.folderId, "documentChildren")
        )
      )
    },
    buttons: #"SYSTEM_SYSRULES_ButtonLayout"(
      primaryButtons: {
        #"SYSTEM_SYSRULES_ButtonWidgetSubmit"(
          label: "Task Completed",
          style: "PRIMARY"
        )
      },
      secondaryButtons: {
        #"SYSTEM_SYSRULES_ButtonWidgetSubmit"(
          label: "Skip Task",
          style: "NORMAL",
          value: true,
          saveInto: ri!cancel,
          skipValidation: true
        )
      }
    )
  )
)</definition>
        <namedTypedValue>
            <name>cancel</name>
            <type>
                <name>boolean</name>
                <namespace>http://www.w3.org/2001/XMLSchema</namespace>
            </type>
        </namedTypedValue>
        <namedTypedValue>
            <name>taskDetails</name>
            <type>
                <name>string</name>
                <namespace>http://www.w3.org/2001/XMLSchema</namespace>
            </type>
            <value/>
        </namedTypedValue>
        <namedTypedValue>
            <name>taskFrom</name>
            <type>
                <name>string</name>
                <namespace>http://www.w3.org/2001/XMLSchema</namespace>
            </type>
            <value/>
        </namedTypedValue>
        <namedTypedValue>
            <name>taskedOn</name>
            <type>
                <name>dateTime</name>
                <namespace>http://www.w3.org/2001/XMLSchema</namespace>
            </type>
        </namedTypedValue>
        <namedTypedValue>
            <name>recordId</name>
            <type>
                <name>int</name>
                <namespace>http://www.w3.org/2001/XMLSchema</namespace>
            </type>
        </namedTypedValue>
        <namedTypedValue>
            <name>comments</name>
            <type>
                <name>string</name>
                <namespace>http://www.w3.org/2001/XMLSchema</namespace>
            </type>
            <value/>
        </namedTypedValue>
        <preferredEditor>interface</preferredEditor>
        <offlineEnabled>false</offlineEnabled>
    </rule>
    <roleMap public="true">
        <role inherit="true" allowForAll="false" name="readers">
            <users/>
            <groups/>
        </role>
        <role inherit="true" allowForAll="false" name="authors">
            <users/>
            <groups/>
        </role>
        <role inherit="true" allowForAll="false" name="administrators">
            <users/>
            <groups/>
        </role>
        <role inherit="false" allowForAll="false" name="denyReaders">
            <users/>
            <groups/>
        </role>
        <role inherit="false" allowForAll="false" name="denyAuthors">
            <users/>
            <groups/>
        </role>
        <role inherit="false" allowForAll="false" name="denyAdministrators">
            <users/>
            <groups/>
        </role>
    </roleMap>
    <history>
        <historyInfo versionUuid="_a-0000df6d-83a9-8000-9ba2-011c48011c48_42273"/>
    </history>
</contentHaul>
