<?xml version="1.0" encoding="UTF-8" standalone="yes"?>
<contentHaul xmlns:a="http://www.appian.com/ae/types/2009">
    <versionUuid>_a-0000df6d-83a9-8000-9ba2-011c48011c48_42290</versionUuid>
    <rule>
        <name>MIC_GridFilters</name>
        <uuid>_a-0000df51-4350-8000-9ba2-011c48011c48_4150</uuid>
        <description>Returns a rich text field representing the filters applied to a grid, along with a link for clearing them</description>
        <parentUuid>bd6bb3af-6235-4c92-98eb-82287dda298b</parentUuid>
        <visibility>
            <advertise>false</advertise>
            <hierarchy>true</hierarchy>
            <indexable>true</indexable>
            <quota>false</quota>
            <searchable>true</searchable>
            <system>false</system>
            <unlogged>false</unlogged>
        </visibility>
        <definition>#"SYSTEM_SYSRULES_richTextDisplayField"(
  label: "Filters",
  labelPosition: "ADJACENT",
  value: {
    #"SYSTEM_SYSRULES_richTextItem"(
      text: "Creator: " &amp; #"53621e5a-c914-48ec-b301-d575ec8a7e95_FORMATNAME"(ri!creator) &amp; char(10),
      showWhen: not(isnull(ri!creator))
    ),
    #"SYSTEM_SYSRULES_richTextItem"(
      text: "Created In: " &amp; text(eomonth(today(),ri!creationTime), "YYYY-M") &amp; char(10),
      showWhen: not(isnull(ri!creationTime))
    ),
    #"SYSTEM_SYSRULES_richTextItem"(
      text: "Status: " &amp; ri!status &amp; char(10),
      showWhen: not(isnull(ri!status))
    ),
    #"SYSTEM_SYSRULES_richTextItem"(
      text: "Priority: " &amp; ri!priority &amp; char(10),
      showWhen: not(isnull(ri!priority))
    ),
    if(
      all(fn!isnull, {ri!creator, ri!creationTime, ri!status, ri!priority, ri!searchTerm}),
      #"SYSTEM_SYSRULES_richTextItem"(text: "&lt;no filter applied&gt;", style: "EMPHASIS"),
      {
        #"SYSTEM_SYSRULES_richTextItem"(
          text: "(Clear Filters and Search)",
          link: #"SYSTEM_SYSRULES_dynamicLink"(
            value: null,
            saveInto: {
              ri!creator,
              ri!creationTime,
              ri!status,
              ri!priority,
              ri!searchTerm,
              a!save(ri!pagingInfo.startIndex, 1)
            }
          )
        )
      }
    )
  }
)</definition>
        <namedTypedValue>
            <name>creator</name>
            <type>
                <name>string</name>
                <namespace>http://www.w3.org/2001/XMLSchema</namespace>
            </type>
            <value/>
        </namedTypedValue>
        <namedTypedValue>
            <name>creationTime</name>
            <type>
                <name>int</name>
                <namespace>http://www.w3.org/2001/XMLSchema</namespace>
            </type>
        </namedTypedValue>
        <namedTypedValue>
            <name>status</name>
            <type>
                <name>string</name>
                <namespace>http://www.w3.org/2001/XMLSchema</namespace>
            </type>
            <value/>
        </namedTypedValue>
        <namedTypedValue>
            <name>priority</name>
            <type>
                <name>string</name>
                <namespace>http://www.w3.org/2001/XMLSchema</namespace>
            </type>
            <value/>
        </namedTypedValue>
        <namedTypedValue>
            <name>searchTerm</name>
            <type>
                <name>string</name>
                <namespace>http://www.w3.org/2001/XMLSchema</namespace>
            </type>
            <value/>
        </namedTypedValue>
        <namedTypedValue>
            <name>pagingInfo</name>
            <type>
                <name>PagingInfo</name>
                <namespace>http://www.appian.com/ae/types/2009</namespace>
            </type>
        </namedTypedValue>
        <preferredEditor>interface</preferredEditor>
        <offlineEnabled>false</offlineEnabled>
    </rule>
    <roleMap public="true">
        <role inherit="true" allowForAll="false" name="readers">
            <users/>
            <groups/>
        </role>
        <role inherit="true" allowForAll="false" name="authors">
            <users/>
            <groups/>
        </role>
        <role inherit="true" allowForAll="false" name="administrators">
            <users/>
            <groups/>
        </role>
        <role inherit="false" allowForAll="false" name="denyReaders">
            <users/>
            <groups/>
        </role>
        <role inherit="false" allowForAll="false" name="denyAuthors">
            <users/>
            <groups/>
        </role>
        <role inherit="false" allowForAll="false" name="denyAdministrators">
            <users/>
            <groups/>
        </role>
    </roleMap>
    <history>
        <historyInfo versionUuid="_a-0000df6d-83a9-8000-9ba2-011c48011c48_42290"/>
    </history>
</contentHaul>
