<?xml version="1.0" encoding="UTF-8" standalone="yes"?>
<contentHaul xmlns:a="http://www.appian.com/ae/types/2009">
    <versionUuid>_a-0000df6d-83a9-8000-9ba2-011c48011c48_42262</versionUuid>
    <rule>
        <name>MIC_AttachmentsGrid</name>
        <uuid>_a-0000df51-4350-8000-9ba2-011c48011c48_4147</uuid>
        <description>Grid of attachments for a record</description>
        <parentUuid>66b61b07-4680-40bc-918c-d61a8190eea7</parentUuid>
        <visibility>
            <advertise>false</advertise>
            <hierarchy>true</hierarchy>
            <indexable>true</indexable>
            <quota>false</quota>
            <searchable>true</searchable>
            <system>false</system>
            <unlogged>false</unlogged>
        </visibility>
        <definition>load(
  local!documentsToken,
  local!oldAttachments: if(
    or(isnull(ri!documents), count(ri!documents) &lt; 1),
    0,
    length(ri!documents)
  ),
  {
    #"SYSTEM_SYSRULES_gridLayout"(
      label: "Attachments",
      showWhen: or(not(ri!readOnly), and(not(isnull(ri!documents)), count(ri!documents) &gt; 0)),
      emptyGridMessage: "No files have been attached to this record",
      headerCells: {
        #"SYSTEM_SYSRULES_gridLayoutHeaderCell"(label: "File"),
        #"SYSTEM_SYSRULES_gridLayoutHeaderCell"(label: "Uploaded On", align: "RIGHT"),
        #"SYSTEM_SYSRULES_gridLayoutHeaderCell"(showWhen: or(isnull(ri!readOnly), not(ri!readOnly)))
      },
      columnConfigs: {
        #"SYSTEM_SYSRULES_gridLayoutColumnConfig"(weight: 7),
        #"SYSTEM_SYSRULES_gridLayoutColumnConfig"(weight: 3),
        #"SYSTEM_SYSRULES_gridLayoutColumnConfig"(width: "ICON", showWhen: or(isnull(ri!readOnly), not(ri!readOnly)))
      },
      rows: #"SYSTEM_SYSRULES_forEach"(
        items: ri!documents,
        expression: #"_a-0000df51-4350-8000-9ba2-011c48011c48_4132"(
          attachment: fv!item,
          attachments: ri!documents,
          deletedAttachments: ri!deletedDocuments,
          index: fv!index,
          readOnly: ri!readOnly,
          oldAttachments: local!oldAttachments,
          target: ri!target
        )
      ),
      addRowLink: if(
        ri!readOnly,
        null,
        #"SYSTEM_SYSRULES_dynamicLink"(
          label: "Attach New File",
          value: todocument(null),
          saveInto: a!save(ri!documents, append(ri!documents, save!value))
        )
      )
    )
  }
)</definition>
        <namedTypedValue>
            <name>documents</name>
            <type>
                <name>CollaborationDocument?list</name>
                <namespace>http://www.appian.com/ae/types/2009</namespace>
            </type>
        </namedTypedValue>
        <namedTypedValue>
            <name>readOnly</name>
            <type>
                <name>boolean</name>
                <namespace>http://www.w3.org/2001/XMLSchema</namespace>
            </type>
        </namedTypedValue>
        <namedTypedValue>
            <name>target</name>
            <type>
                <name>CollaborationFolder</name>
                <namespace>http://www.appian.com/ae/types/2009</namespace>
            </type>
        </namedTypedValue>
        <namedTypedValue>
            <name>deletedDocuments</name>
            <type>
                <name>CollaborationDocument?list</name>
                <namespace>http://www.appian.com/ae/types/2009</namespace>
            </type>
        </namedTypedValue>
        <preferredEditor>interface</preferredEditor>
        <offlineEnabled>false</offlineEnabled>
    </rule>
    <roleMap public="true">
        <role inherit="true" allowForAll="false" name="readers">
            <users/>
            <groups/>
        </role>
        <role inherit="true" allowForAll="false" name="authors">
            <users/>
            <groups/>
        </role>
        <role inherit="true" allowForAll="false" name="administrators">
            <users/>
            <groups/>
        </role>
        <role inherit="false" allowForAll="false" name="denyReaders">
            <users/>
            <groups/>
        </role>
        <role inherit="false" allowForAll="false" name="denyAuthors">
            <users/>
            <groups/>
        </role>
        <role inherit="false" allowForAll="false" name="denyAdministrators">
            <users/>
            <groups/>
        </role>
    </roleMap>
    <history>
        <historyInfo versionUuid="_a-0000df6d-83a9-8000-9ba2-011c48011c48_42262"/>
    </history>
</contentHaul>
