<?xml version="1.0" encoding="UTF-8" standalone="yes"?>
<contentHaul xmlns:a="http://www.appian.com/ae/types/2009">
    <versionUuid>_a-0000df6d-83a9-8000-9ba2-011c48011c48_42264</versionUuid>
    <rule>
        <name>MIC_ThoughtStarterDetails</name>
        <uuid>_a-0000df51-4350-8000-9ba2-011c48011c48_4151</uuid>
        <description>"Base" interface module, with all the basic fields of the record. Used by the Summary record view, create/update, and task forms.</description>
        <parentUuid>66b61b07-4680-40bc-918c-d61a8190eea7</parentUuid>
        <visibility>
            <advertise>false</advertise>
            <hierarchy>true</hierarchy>
            <indexable>true</indexable>
            <quota>false</quota>
            <searchable>true</searchable>
            <system>false</system>
            <unlogged>false</unlogged>
        </visibility>
        <definition>load(
  /* The local variables store the options for the Pick Single / Multiple from List fields    *
   * We only show the active options, plus any inactive options already stored on this record */
  local!statusOptions: if(ri!record.status.active,#"_a-0000df51-4350-8000-9ba2-011c48011c48_4140"(#"_a-0000df51-4350-8000-9ba2-011c48011c48_4176"(), null),#"_a-0000df51-4350-8000-9ba2-011c48011c48_4140"(#"_a-0000df51-4350-8000-9ba2-011c48011c48_4176"(), ri!record.status.id)),
  local!priorityOptions: if(ri!record.priority.active,#"_a-0000df51-4350-8000-9ba2-011c48011c48_4140"(#"_a-0000df51-4350-8000-9ba2-011c48011c48_4177"(), null),#"_a-0000df51-4350-8000-9ba2-011c48011c48_4140"(#"_a-0000df51-4350-8000-9ba2-011c48011c48_4177"(), ri!record.priority.id)),
  local!categoryOptions: if(ri!record.category.active,#"_a-0000df51-4350-8000-9ba2-011c48011c48_4140"(#"_a-0000df51-4350-8000-9ba2-011c48011c48_4178"(), null),#"_a-0000df51-4350-8000-9ba2-011c48011c48_4140"(#"_a-0000df51-4350-8000-9ba2-011c48011c48_4178"(), ri!record.category.id)),
  local!benefitoutcomeOptions: if(or(isnull(ri!record.benefitoutcome), and(ri!record.benefitoutcome.active)),#"_a-0000df51-4350-8000-9ba2-011c48011c48_4140"(#"_a-0000df51-4350-8000-9ba2-011c48011c48_4179"(), null),#"_a-0000df51-4350-8000-9ba2-011c48011c48_4140"(#"_a-0000df51-4350-8000-9ba2-011c48011c48_4179"(), ri!record.benefitoutcome.id)),
  {
    #"SYSTEM_SYSRULES_sectionLayout_v1"(
      label: ri!label,
      contents: #"SYSTEM_SYSRULES_columnsLayout"(
        columns: {
          #"SYSTEM_SYSRULES_columnLayout"(
            contents: {
        #"SYSTEM_SYSRULES_textField"(
          label: "Thought Starter Title",
          labelPosition: if(ri!readOnly, "ADJACENT", "ABOVE"),
          instructions: if(ri!readOnly, "", ""),
          helpTooltip: if(ri!readOnly, "", ""),
          placeholder: if(ri!readOnly, "", ""),
          required: not(ri!readOnly),
          value: ri!record.thoughtStarterTitle,
          saveInto: ri!record.thoughtStarterTitle,
          readOnly: ri!readOnly,
          validations: if(
            len(ri!record.thoughtStarterTitle) &lt;= 200,
            "",
            "Value may not be longer than 200 characters. You have entered " &amp; len(ri!record.thoughtStarterTitle) &amp; " characters."
          )
        ),
        if(
          ri!readOnly,
          #"SYSTEM_SYSRULES_textField"(
            label: "Status",
            labelPosition: "ADJACENT",
            value: ri!record.status.value,
            readOnly: true
          ),
          #"SYSTEM_SYSRULES_dropdownField"(
            label: "Status",
            labelPosition: "ABOVE",
            instructions: "",
            helpTooltip: "",
            placeholderLabel: "--- Select a Value ---",
            choiceLabels: local!statusOptions.value,
            choiceValues: local!statusOptions,
            required: not(ri!readOnly),
            value: ri!record.status,
            saveInto: ri!record.status
          )
        ),
        if(
          ri!readOnly,
          #"SYSTEM_SYSRULES_imageField"(
            label: "Priority",
            labelPosition: "ADJACENT",
            images: if(
              isnull(#"_a-0000df51-4350-8000-9ba2-011c48011c48_4148"(ri!record.priority.value)),
              {},
              #"_a-0000df51-4350-8000-9ba2-011c48011c48_4148"(ri!record.priority.value)
            ),
            size: "ICON"
          ),
          #"SYSTEM_SYSRULES_dropdownField"(
            label: "Priority",
            labelPosition: "ABOVE",
            instructions: "",
            helpTooltip: "",
            placeholderLabel: "--- Select a Value ---",
            choiceLabels: local!priorityOptions.value,
            choiceValues: local!priorityOptions,
            required: not(ri!readOnly),
            value: ri!record.priority,
            saveInto: ri!record.priority
          )
        ),
              if(
                ri!creating,
                {},
                {
                  #"SYSTEM_SYSRULES_linkField"(
                    label: "Created By",
                    labelPosition: if(ri!readOnly, "ADJACENT", "ABOVE"),
                    links: #"SYSTEM_SYSRULES_userRecordLink"(
                      label: #"53621e5a-c914-48ec-b301-d575ec8a7e95_FORMATNAME"(ri!record.createdBy),
                      user: ri!record.createdBy
                    )
                  ),
                  #"SYSTEM_SYSRULES_textField"(
                    label: "Created On",
                    labelPosition: if(ri!readOnly, "ADJACENT", "ABOVE"),
                    value: #"_a-0000df51-4350-8000-9ba2-011c48011c48_4136"(ri!record.createdOn),
                    readOnly: true
                  )
                }
              )
            }
          ),
          #"SYSTEM_SYSRULES_columnLayout"(
            contents: {
        #"SYSTEM_SYSRULES_paragraphField"(
          label: "Description",
          labelPosition: if(ri!readOnly, "ADJACENT", "ABOVE"),
          instructions: if(ri!readOnly, "", "Let loose your deep thoughts..."),
          helpTooltip: if(ri!readOnly, "", "Provide a detailed description for your thought."),
          placeholder: if(ri!readOnly, "", ""),
          required: not(ri!readOnly),
          value: ri!record.description.value,
          saveInto: ri!record.description.value,
          readOnly: ri!readOnly,
          height: "SHORT",
          validations: if(
            len(ri!record.description.value) &lt;= 4000,
            "",
            "Value may not be longer than 4000 characters. You have entered " &amp; len(ri!record.description.value) &amp; " characters."
          )
        ),
        if(
          ri!readOnly,
          #"SYSTEM_SYSRULES_textField"(
            label: "Category",
            labelPosition: "ADJACENT",
            value: ri!record.category.value,
            readOnly: true
          ),
          #"SYSTEM_SYSRULES_dropdownField"(
            label: "Category",
            labelPosition: "ABOVE",
            instructions: "",
            helpTooltip: "How can we categorize your thought",
            placeholderLabel: "--- Select a Value ---",
            choiceLabels: local!categoryOptions.value,
            choiceValues: local!categoryOptions,
            required: not(ri!readOnly),
            value: ri!record.category,
            saveInto: ri!record.category
          )
        ),
        if(
          ri!readOnly,
          #"SYSTEM_SYSRULES_textField"(
            label: "Benefit/Outcome",
            labelPosition: "ADJACENT",
            value: if(
              or(isnull(ri!record.benefitoutcome), count(ri!record.benefitoutcome.value)=0),
              "",
              joinarray(ri!record.benefitoutcome.value, ", ")
            ),
            readOnly: true
          ),
          #"SYSTEM_SYSRULES_checkboxField"(
            label: "Benefit/Outcome",
            labelPosition: "ABOVE",
            instructions: "Why would you pursue this thought?",
            helpTooltip: "Please select all that apply.",
            choiceLabels: local!benefitoutcomeOptions.value,
            choiceValues: local!benefitoutcomeOptions,
            required: false,
            value: ri!record.benefitoutcome,
            saveInto: ri!record.benefitoutcome
          )
        ),
              if(
                ri!creating,
                {},
                {
                  #"SYSTEM_SYSRULES_linkField"(
                    label: "Updated By",
                    labelPosition: if(ri!readOnly, "ADJACENT", "ABOVE"),
                    links: #"SYSTEM_SYSRULES_userRecordLink"(
                      label: #"53621e5a-c914-48ec-b301-d575ec8a7e95_FORMATNAME"(ri!record.updatedBy),
                      user: ri!record.updatedBy
                    )
                  ),
                  #"SYSTEM_SYSRULES_textField"(
                    label: "Updated On",
                    labelPosition: if(ri!readOnly, "ADJACENT", "ABOVE"),
                    value: #"_a-0000df51-4350-8000-9ba2-011c48011c48_4136"(ri!record.updatedOn),
                    readOnly: true
                  )
                }
              )
            }
          )
        }
      )
    ),
    #"_a-0000df51-4350-8000-9ba2-011c48011c48_4147"(
      documents: ri!documents,
      deletedDocuments: ri!deletedDocuments,
      readOnly: ri!readOnly,
      target: if(ri!creating,
        #"_a-0000df51-4350-8000-9ba2-011c48011c48_4129",
        ri!record.folderId
      )
    )
  }
)</definition>
        <namedTypedValue>
            <name>record</name>
            <type>
                <name>MIC_ThoughtStarter</name>
                <namespace>urn:com:appian:types:MIC</namespace>
            </type>
        </namedTypedValue>
        <namedTypedValue>
            <name>creating</name>
            <type>
                <name>boolean</name>
                <namespace>http://www.w3.org/2001/XMLSchema</namespace>
            </type>
        </namedTypedValue>
        <namedTypedValue>
            <name>readOnly</name>
            <type>
                <name>boolean</name>
                <namespace>http://www.w3.org/2001/XMLSchema</namespace>
            </type>
        </namedTypedValue>
        <namedTypedValue>
            <name>documents</name>
            <type>
                <name>CollaborationDocument?list</name>
                <namespace>http://www.appian.com/ae/types/2009</namespace>
            </type>
        </namedTypedValue>
        <namedTypedValue>
            <name>label</name>
            <type>
                <name>string</name>
                <namespace>http://www.w3.org/2001/XMLSchema</namespace>
            </type>
            <value/>
        </namedTypedValue>
        <namedTypedValue>
            <name>deletedDocuments</name>
            <type>
                <name>CollaborationDocument?list</name>
                <namespace>http://www.appian.com/ae/types/2009</namespace>
            </type>
        </namedTypedValue>
        <preferredEditor>interface</preferredEditor>
        <offlineEnabled>false</offlineEnabled>
    </rule>
    <roleMap public="true">
        <role inherit="true" allowForAll="false" name="readers">
            <users/>
            <groups/>
        </role>
        <role inherit="true" allowForAll="false" name="authors">
            <users/>
            <groups/>
        </role>
        <role inherit="true" allowForAll="false" name="administrators">
            <users/>
            <groups/>
        </role>
        <role inherit="false" allowForAll="false" name="denyReaders">
            <users/>
            <groups/>
        </role>
        <role inherit="false" allowForAll="false" name="denyAuthors">
            <users/>
            <groups/>
        </role>
        <role inherit="false" allowForAll="false" name="denyAdministrators">
            <users/>
            <groups/>
        </role>
    </roleMap>
    <history>
        <historyInfo versionUuid="_a-0000df6d-83a9-8000-9ba2-011c48011c48_42264"/>
    </history>
</contentHaul>
