<?xml version="1.0" encoding="UTF-8" standalone="yes"?>
<contentHaul xmlns:a="http://www.appian.com/ae/types/2009">
    <versionUuid>_a-0000df6d-83a9-8000-9ba2-011c48011c48_42257</versionUuid>
    <rule>
        <name>MIC_GetThoughtStarterById</name>
        <uuid>7b8e3fcf-660d-4eb2-a233-ae6fd7e47d70_GETONERECORD</uuid>
        <description>Returns the Thought Starter that matches the passed id</description>
        <parentUuid>66b61b07-4680-40bc-918c-d61a8190eea7</parentUuid>
        <visibility>
            <advertise>false</advertise>
            <hierarchy>true</hierarchy>
            <indexable>true</indexable>
            <quota>false</quota>
            <searchable>true</searchable>
            <system>false</system>
            <unlogged>false</unlogged>
        </visibility>
        <definition>cast(
  'type!{urn:com:appian:types:MIC}MIC_ThoughtStarter',
  #"SYSTEM_SYSRULES_queryEntity"(
    entity: #"96d5a907-7639-4b25-8115-ba42102687b0_MAINDSECONSTANT",
    query: #"SYSTEM_SYSRULES_query"(
      filter: #"SYSTEM_SYSRULES_queryFilter"(
        field: "id",
        operator: "=",
        value: ri!id
      ),
      pagingInfo: #"SYSTEM_SYSRULES_pagingInfo"(1, 1)
    )
  ).data
)</definition>
        <namedTypedValue>
            <name>id</name>
            <type>
                <name>int</name>
                <namespace>http://www.w3.org/2001/XMLSchema</namespace>
            </type>
        </namedTypedValue>
        <preferredEditor>legacy</preferredEditor>
        <offlineEnabled>false</offlineEnabled>
    </rule>
    <roleMap public="true">
        <role inherit="true" allowForAll="false" name="readers">
            <users/>
            <groups/>
        </role>
        <role inherit="true" allowForAll="false" name="authors">
            <users/>
            <groups/>
        </role>
        <role inherit="true" allowForAll="false" name="administrators">
            <users/>
            <groups/>
        </role>
        <role inherit="false" allowForAll="false" name="denyReaders">
            <users/>
            <groups/>
        </role>
        <role inherit="false" allowForAll="false" name="denyAuthors">
            <users/>
            <groups/>
        </role>
        <role inherit="false" allowForAll="false" name="denyAdministrators">
            <users/>
            <groups/>
        </role>
    </roleMap>
    <history>
        <historyInfo versionUuid="_a-0000df6d-83a9-8000-9ba2-011c48011c48_42257"/>
    </history>
</contentHaul>
