<?xml version="1.0" encoding="UTF-8" standalone="yes"?>
<contentHaul xmlns:a="http://www.appian.com/ae/types/2009">
    <versionUuid>_a-0000df6d-83a9-8000-9ba2-011c48011c48_42267</versionUuid>
    <rule>
        <name>MIC_ThoughtStarterDashboard</name>
        <uuid>_a-0000df51-4350-8000-9ba2-011c48011c48_4154</uuid>
        <description>Record dashboard for Thought Starters</description>
        <parentUuid>66b61b07-4680-40bc-918c-d61a8190eea7</parentUuid>
        <visibility>
            <advertise>false</advertise>
            <hierarchy>true</hierarchy>
            <indexable>true</indexable>
            <quota>false</quota>
            <searchable>true</searchable>
            <system>false</system>
            <unlogged>false</unlogged>
        </visibility>
        <definition>load(
  local!record: #"7b8e3fcf-660d-4eb2-a233-ae6fd7e47d70_GETONERECORD"(ri!id),
  #"SYSTEM_SYSRULES_dashboardLayout_v1"(
    contents: {
      #"_a-0000df51-4350-8000-9ba2-011c48011c48_4151"(
        record: local!record,
        creating: false,
        readOnly: true,
        documents: if(
          isnull(local!record.folderId),
          {},
          folder(local!record.folderId, "documentChildren")
        )
      ),
      #"_a-0000df51-4350-8000-9ba2-011c48011c48_4152"(ri!id)
    }
  )
)</definition>
        <namedTypedValue>
            <name>id</name>
            <type>
                <name>int</name>
                <namespace>http://www.w3.org/2001/XMLSchema</namespace>
            </type>
        </namedTypedValue>
        <preferredEditor>interface</preferredEditor>
        <offlineEnabled>false</offlineEnabled>
    </rule>
    <roleMap public="true">
        <role inherit="true" allowForAll="false" name="readers">
            <users/>
            <groups/>
        </role>
        <role inherit="true" allowForAll="false" name="authors">
            <users/>
            <groups/>
        </role>
        <role inherit="true" allowForAll="false" name="administrators">
            <users/>
            <groups/>
        </role>
        <role inherit="false" allowForAll="false" name="denyReaders">
            <users/>
            <groups/>
        </role>
        <role inherit="false" allowForAll="false" name="denyAuthors">
            <users/>
            <groups/>
        </role>
        <role inherit="false" allowForAll="false" name="denyAdministrators">
            <users/>
            <groups/>
        </role>
    </roleMap>
    <history>
        <historyInfo versionUuid="_a-0000df6d-83a9-8000-9ba2-011c48011c48_42267"/>
    </history>
</contentHaul>
