<?xml version="1.0" encoding="UTF-8" standalone="yes"?>
<contentHaul xmlns:a="http://www.appian.com/ae/types/2009">
    <versionUuid>_a-0000df6d-83a9-8000-9ba2-011c48011c48_42280</versionUuid>
    <constant>
        <name>MIC_THOUGHT_STARTER_RECORD_TYPE</name>
        <uuid>_a-0000df51-4350-8000-9ba2-011c48011c48_4127</uuid>
        <description>Thought Starter record type</description>
        <parentUuid>66b61b07-4680-40bc-918c-d61a8190eea7</parentUuid>
        <visibility>
            <advertise>false</advertise>
            <hierarchy>true</hierarchy>
            <indexable>true</indexable>
            <quota>false</quota>
            <searchable>true</searchable>
            <system>false</system>
            <unlogged>false</unlogged>
        </visibility>
        <typedValue>
            <type>
                <name>RecordType</name>
                <namespace>http://www.appian.com/ae/types/2009</namespace>
            </type>
            <value a:id="-1" a:uuid="e4633df9-708e-43bf-87aa-cec7e0c64eb0" name="">
                <a:isSystem>false</a:isSystem>
                <a:security>16383</a:security>
            </value>
        </typedValue>
        <isEnvironmentSpecific>false</isEnvironmentSpecific>
    </constant>
    <roleMap public="true">
        <role inherit="true" allowForAll="false" name="readers">
            <users/>
            <groups/>
        </role>
        <role inherit="true" allowForAll="false" name="authors">
            <users/>
            <groups/>
        </role>
        <role inherit="true" allowForAll="false" name="administrators">
            <users/>
            <groups/>
        </role>
        <role inherit="false" allowForAll="false" name="denyReaders">
            <users/>
            <groups/>
        </role>
        <role inherit="false" allowForAll="false" name="denyAuthors">
            <users/>
            <groups/>
        </role>
        <role inherit="false" allowForAll="false" name="denyAdministrators">
            <users/>
            <groups/>
        </role>
    </roleMap>
    <history>
        <historyInfo versionUuid="_a-0000df6d-83a9-8000-9ba2-011c48011c48_42280"/>
    </history>
</contentHaul>
