<?xml version="1.0" encoding="UTF-8" standalone="yes"?>
<contentHaul xmlns:a="http://www.appian.com/ae/types/2009">
    <versionUuid>_a-0000df6d-83a9-8000-9ba2-011c48011c48_42256</versionUuid>
    <rule>
        <name>MIC_CreateActivityCDT</name>
        <uuid>bd2fb7f5-7360-4f3a-a345-2356b694827a_MAKEACTIVITYCDT</uuid>
        <description>Constructs the activity CDT based on inputs</description>
        <parentUuid>66b61b07-4680-40bc-918c-d61a8190eea7</parentUuid>
        <visibility>
            <advertise>false</advertise>
            <hierarchy>true</hierarchy>
            <indexable>true</indexable>
            <quota>false</quota>
            <searchable>true</searchable>
            <system>false</system>
            <unlogged>false</unlogged>
        </visibility>
        <definition>'type!{urn:com:appian:types:MIC}MIC_Activity'(
  recordId: ri!recordId,
  who: ri!who,
  action: ri!action,
  /* Use a different Details pattern for each type of activity */
  details:if(
    ri!action = #"_a-0000df51-4350-8000-9ba2-011c48011c48_4121",
    "To: " &amp; #"53621e5a-c914-48ec-b301-d575ec8a7e95_FORMATNAME"(ri!taskAssignee) &amp; char(10) &amp; "Details: " &amp; ri!taskDetails &amp; if(
      isnull(ri!taskDeadline),
      "",
      char(10) &amp; "Deadline: " &amp; ri!taskDeadline
    ),
    if(
      or(ri!action = #"9aec22c8-cf4a-45cd-9cfa-733a376bb6e7_ACTIONCOMPLETED", ri!action = #"2849ff7d-30bd-4c10-b748-11020b3e7192_ACTIONSKIPPED"),
      "From: " &amp; #"53621e5a-c914-48ec-b301-d575ec8a7e95_FORMATNAME"(ri!taskAssigner) &amp; char(10) &amp; if(isnull(ri!comments), "(No Comments)", "Comments: " &amp; ri!comments),
      if(
        ri!action = #"_a-0000df51-4350-8000-9ba2-011c48011c48_4120",
        "Message: " &amp; ri!message &amp; if(not(isnull(ri!attachment)), char(10) &amp; "Attachment: " &amp; #"_a-0000df51-4350-8000-9ba2-011c48011c48_4135"(ri!attachment), ""),
        if(
          or(ri!action = #"_a-0000df51-4350-8000-9ba2-011c48011c48_4119", ri!action = #"_a-0000df51-4350-8000-9ba2-011c48011c48_4123"),
          #"_a-0000df51-4350-8000-9ba2-011c48011c48_4145"(ri!oldCDT, ri!newCDT, #"_a-0000df51-4350-8000-9ba2-011c48011c48_4166", #"_a-0000df51-4350-8000-9ba2-011c48011c48_4165", #"_a-0000df51-4350-8000-9ba2-011c48011c48_4167") &amp;
            if(
              or(isnull(ri!newDocs), count(ri!newDocs)=0),
              "",
              "Attached Files: " &amp; joinarray(apply(#"_a-0000df51-4350-8000-9ba2-011c48011c48_4135", ri!newDocs), ", ") &amp; char(10)
            ) &amp;
            if(or(isnull(ri!deletedDocs), count(ri!deletedDocs)=0),
              "",
              "Deleted Files: " &amp; joinarray(apply(#"_a-0000df51-4350-8000-9ba2-011c48011c48_4135", ri!deletedDocs), ", ")
            ),
          "no activity found"
        )
      )
    )
  ),
  when: now()
)</definition>
        <namedTypedValue>
            <name>recordId</name>
            <type>
                <name>int</name>
                <namespace>http://www.w3.org/2001/XMLSchema</namespace>
            </type>
        </namedTypedValue>
        <namedTypedValue>
            <name>who</name>
            <type>
                <name>User</name>
                <namespace>http://www.appian.com/ae/types/2009</namespace>
            </type>
        </namedTypedValue>
        <namedTypedValue>
            <name>action</name>
            <type>
                <name>string</name>
                <namespace>http://www.w3.org/2001/XMLSchema</namespace>
            </type>
            <value/>
        </namedTypedValue>
        <namedTypedValue>
            <name>taskAssignee</name>
            <type>
                <name>User</name>
                <namespace>http://www.appian.com/ae/types/2009</namespace>
            </type>
        </namedTypedValue>
        <namedTypedValue>
            <name>taskAssigner</name>
            <type>
                <name>User</name>
                <namespace>http://www.appian.com/ae/types/2009</namespace>
            </type>
        </namedTypedValue>
        <namedTypedValue>
            <name>taskDetails</name>
            <type>
                <name>string</name>
                <namespace>http://www.w3.org/2001/XMLSchema</namespace>
            </type>
            <value/>
        </namedTypedValue>
        <namedTypedValue>
            <name>taskDeadline</name>
            <type>
                <name>dateTime</name>
                <namespace>http://www.w3.org/2001/XMLSchema</namespace>
            </type>
        </namedTypedValue>
        <namedTypedValue>
            <name>comments</name>
            <type>
                <name>string</name>
                <namespace>http://www.w3.org/2001/XMLSchema</namespace>
            </type>
            <value/>
        </namedTypedValue>
        <namedTypedValue>
            <name>message</name>
            <type>
                <name>string</name>
                <namespace>http://www.w3.org/2001/XMLSchema</namespace>
            </type>
            <value/>
        </namedTypedValue>
        <namedTypedValue>
            <name>attachment</name>
            <type>
                <name>CollaborationDocument</name>
                <namespace>http://www.appian.com/ae/types/2009</namespace>
            </type>
        </namedTypedValue>
        <namedTypedValue>
            <name>oldCDT</name>
            <type>
                <name>MIC_ThoughtStarter</name>
                <namespace>urn:com:appian:types:MIC</namespace>
            </type>
        </namedTypedValue>
        <namedTypedValue>
            <name>newCDT</name>
            <type>
                <name>MIC_ThoughtStarter</name>
                <namespace>urn:com:appian:types:MIC</namespace>
            </type>
        </namedTypedValue>
        <namedTypedValue>
            <name>newDocs</name>
            <type>
                <name>CollaborationDocument?list</name>
                <namespace>http://www.appian.com/ae/types/2009</namespace>
            </type>
        </namedTypedValue>
        <namedTypedValue>
            <name>deletedDocs</name>
            <type>
                <name>CollaborationDocument?list</name>
                <namespace>http://www.appian.com/ae/types/2009</namespace>
            </type>
        </namedTypedValue>
        <preferredEditor>legacy</preferredEditor>
        <offlineEnabled>false</offlineEnabled>
    </rule>
    <roleMap public="true">
        <role inherit="true" allowForAll="false" name="readers">
            <users/>
            <groups/>
        </role>
        <role inherit="true" allowForAll="false" name="authors">
            <users/>
            <groups/>
        </role>
        <role inherit="true" allowForAll="false" name="administrators">
            <users/>
            <groups/>
        </role>
        <role inherit="false" allowForAll="false" name="denyReaders">
            <users/>
            <groups/>
        </role>
        <role inherit="false" allowForAll="false" name="denyAuthors">
            <users/>
            <groups/>
        </role>
        <role inherit="false" allowForAll="false" name="denyAdministrators">
            <users/>
            <groups/>
        </role>
    </roleMap>
    <history>
        <historyInfo versionUuid="_a-0000df6d-83a9-8000-9ba2-011c48011c48_42256"/>
    </history>
</contentHaul>
