<?xml version="1.0" encoding="UTF-8"?>
<siteHaul xmlns:a="http://www.appian.com/ae/types/2009" xmlns:xsi="http://www.w3.org/2001/XMLSchema-instance">
  <versionUuid>6f7f2186-5cb7-467a-9bb4-385f36565837</versionUuid>
  <site a:uuid="4f07a22f-c544-4138-bc16-9c71eb88d733_SITE" name="My Idea Collector">
    <description>Application that allows ideas to be logged, described, categorized, assigned and a status set.</description>
    <urlStub>my-idea-collector</urlStub>
    <page>
      <staticName>Thought Starters</staticName>
      <description/>
      <urlStub>records</urlStub>
      <uiObject a:uuid="e4633df9-708e-43bf-87aa-cec7e0c64eb0" xsi:type="a:RecordType">
        <a:isSystem>false</a:isSystem>
        <a:security>16383</a:security>
        <a:hideLatestNews>false</a:hideLatestNews>
      </uiObject>
      <iconId>f075</iconId>
      <visibilityExpr>fn!true()</visibilityExpr>
      <pageWidth>STANDARD</pageWidth>
    </page>
    <page>
      <staticName>New</staticName>
      <description/>
      <urlStub>new</urlStub>
      <uiObject a:uuid="ad5fe7d5-a03a-41d2-8d90-ec1aa28776be" xsi:type="a:ProcessModel"/>
      <iconId>f067</iconId>
      <visibilityExpr>fn!true()</visibilityExpr>
      <pageWidth>STANDARD</pageWidth>
    </page>
    <page>
      <staticName>Trends</staticName>
      <description/>
      <urlStub>trends</urlStub>
      <uiObject a:uuid="0c4da071-6b80-4f6f-97f2-5df8935ee223" xsi:type="a:TempoReport"/>
      <iconId>f080</iconId>
      <visibilityExpr>fn!true()</visibilityExpr>
      <pageWidth>STANDARD</pageWidth>
    </page>
    <page>
      <staticName>My Tasks</staticName>
      <description/>
      <urlStub>tasks</urlStub>
      <uiObject a:uuid="5f399210-bc59-4eb5-809d-384157b0fa3e" xsi:type="a:TaskReport"/>
      <iconId>f046</iconId>
      <visibilityExpr>fn!true()</visibilityExpr>
      <pageWidth>STANDARD</pageWidth>
    </page>
    <visibility>268435456</visibility>
    <headerBackgroundColor/>
    <selectedTabBackgroundColor/>
    <faviconRef a:uuid="SYSTEM_CONTENT_SITES_DEFAULT_FAVICON" xsi:type="a:CollaborationDocument"/>
    <faviconHref/>
    <logoRef a:uuid="SYSTEM_CONTENT_SITES_DEFAULT_LOGO" xsi:type="a:CollaborationDocument"/>
    <logoHref/>
    <headerBackgroundColorExpr/>
    <selectedTabBackgroundColorExpr/>
    <accentColorExpr xsi:nil="true"/>
    <logoExpr xsi:nil="true"/>
    <faviconExpr xsi:nil="true"/>
    <showName>false</showName>
    <tempoLinkVisibility>HIDDEN</tempoLinkVisibility>
  </site>
  <roleMap>
    <role name="site_administrator">
      <users/>
      <groups>
        <groupUuid>_e-0000df51-4311-8000-9aee-01075c01075c_10</groupUuid>
      </groups>
    </role>
    <role name="site_viewer">
      <users/>
      <groups>
        <groupUuid>_e-0000df51-4311-8000-9aee-01075c01075c_11</groupUuid>
      </groups>
    </role>
  </roleMap>
  <history>
    <historyInfo versionUuid="6f7f2186-5cb7-467a-9bb4-385f36565837"/>
  </history>
</siteHaul>
