<?xml version="1.0" encoding="UTF-8" standalone="yes"?>
<dataStoreHaul xmlns:a="http://www.appian.com/ae/types/2009">
    <dataStore>
        <uuid>_a-0000df51-4350-8000-9ba2-011c48011c48_4168</uuid>
        <name>MIC Thought Starters</name>
        <description></description>
        <dataSourceKey>java:/jdbc/Appian</dataSourceKey>
        <adaptingExplicitSqlNames>false</adaptingExplicitSqlNames>
        <autoUpdateSchema>false</autoUpdateSchema>
        <entities>
            <entity>
                <uuid>8e0586be-f556-487a-9f97-ccbdf8119118</uuid>
                <name>MIC_Status</name>
                <type>{urn:com:appian:types:MIC}MIC_Status</type>
            </entity>
            <entity>
                <uuid>d58e3183-9b69-4b9a-b06a-24ce1ef816a6</uuid>
                <name>MIC_Priority</name>
                <type>{urn:com:appian:types:MIC}MIC_Priority</type>
            </entity>
            <entity>
                <uuid>17163f2b-9c0b-4748-a28c-3f5d88ac89a3</uuid>
                <name>MIC_Paragraph</name>
                <type>{urn:com:appian:types:MIC}MIC_Paragraph</type>
            </entity>
            <entity>
                <uuid>7b28dd08-c762-482b-a3bd-60c8b515ccdf</uuid>
                <name>MIC_Category</name>
                <type>{urn:com:appian:types:MIC}MIC_Category</type>
            </entity>
            <entity>
                <uuid>42bdf122-5919-4cce-91f5-6c6b8f272db2</uuid>
                <name>MIC_Benefitoutcome</name>
                <type>{urn:com:appian:types:MIC}MIC_Benefitoutcome</type>
            </entity>
            <entity>
                <uuid>941109e1-bdf9-43dd-87a1-6f8b6b04ac81</uuid>
                <name>MIC_Activity</name>
                <type>{urn:com:appian:types:MIC}MIC_Activity</type>
            </entity>
            <entity>
                <uuid>0c8bd73f-6f12-4110-b189-f52a40ec9525</uuid>
                <name>MIC_ThoughtStarter</name>
                <type>{urn:com:appian:types:MIC}MIC_ThoughtStarter</type>
            </entity>
        </entities>
    </dataStore>
    <isPublished>true</isPublished>
    <roleMap>
        <role inherit="false" allowForAll="false" name="administrators">
            <users/>
            <groups>
                <groupUuid>_e-0000df51-4311-8000-9aee-01075c01075c_10</groupUuid>
            </groups>
        </role>
        <role inherit="false" allowForAll="false" name="authors">
            <users/>
            <groups/>
        </role>
        <role inherit="false" allowForAll="false" name="denyAdministrators">
            <users/>
            <groups/>
        </role>
        <role inherit="false" allowForAll="false" name="denyAuthors">
            <users/>
            <groups/>
        </role>
        <role inherit="false" allowForAll="false" name="denyReaders">
            <users/>
            <groups/>
        </role>
        <role inherit="false" allowForAll="false" name="readers">
            <users/>
            <groups>
                <groupUuid>_e-0000df51-4311-8000-9aee-01075c01075c_11</groupUuid>
            </groups>
        </role>
    </roleMap>
</dataStoreHaul>
