<?xml version="1.0" encoding="UTF-8" standalone="yes"?>
<applicationHaul xmlns:a="http://www.appian.com/ae/types/2009">
    <versionUuid>_a-0000df6d-83a9-8000-9ba2-011c48011c48_42227</versionUuid>
    <application>
        <name>My Idea Collector</name>
        <uuid>_a-0000df51-4350-8000-9ba2-011c48011c48_4116</uuid>
        <description>Application that allows ideas to be logged, described, categorized, assigned and a status set.</description>
        <parentUuid>SYSTEM_APPLICATIONS_ROOT</parentUuid>
        <visibility>
            <advertise>false</advertise>
            <hierarchy>true</hierarchy>
            <indexable>true</indexable>
            <quota>false</quota>
            <searchable>true</searchable>
            <system>false</system>
            <unlogged>false</unlogged>
        </visibility>
        <urlIdentifier>HAWgsw</urlIdentifier>
        <published>true</published>
        <public>false</public>
        <associatedObjects>
            <globalIdMap>
                <item>
                    <type>datatype</type>
                    <uuids>
                        <uuid>{urn:com:appian:types:MIC}MIC_Status</uuid>
                        <uuid>{urn:com:appian:types:MIC}MIC_Priority</uuid>
                        <uuid>{urn:com:appian:types:MIC}MIC_Paragraph</uuid>
                        <uuid>{urn:com:appian:types:MIC}MIC_Category</uuid>
                        <uuid>{urn:com:appian:types:MIC}MIC_Benefitoutcome</uuid>
                        <uuid>{urn:com:appian:types:MIC}MIC_Activity</uuid>
                        <uuid>{urn:com:appian:types:MIC}MIC_ThoughtStarter</uuid>
                    </uuids>
                </item>
                <item>
                    <type>dataStore</type>
                    <uuids>
                        <uuid>_a-0000df51-4350-8000-9ba2-011c48011c48_4168</uuid>
                    </uuids>
                </item>
                <item>
                    <type>user</type>
                    <uuids/>
                </item>
                <item>
                    <type>groupType</type>
                    <uuids/>
                </item>
                <item>
                    <type>group</type>
                    <uuids>
                        <uuid>_e-0000df51-4311-8000-9aee-01075c01075c_11</uuid>
                        <uuid>_e-0000df51-4311-8000-9aee-01075c01075c_10</uuid>
                    </uuids>
                </item>
                <item>
                    <type>content</type>
                    <uuids>
                        <uuid>66b61b07-4680-40bc-918c-d61a8190eea7</uuid>
                        <uuid>_a-0000df51-4350-8000-9ba2-011c48011c48_4165</uuid>
                        <uuid>_a-0000df51-4350-8000-9ba2-011c48011c48_4166</uuid>
                        <uuid>_a-0000df51-4350-8000-9ba2-011c48011c48_4167</uuid>
                        <uuid>_a-0000df51-4350-8000-9ba2-011c48011c48_4173</uuid>
                        <uuid>96d5a907-7639-4b25-8115-ba42102687b0_MAINDSECONSTANT</uuid>
                        <uuid>_a-0000df51-4350-8000-9ba2-011c48011c48_4170</uuid>
                        <uuid>_a-0000df51-4350-8000-9ba2-011c48011c48_4172</uuid>
                        <uuid>_a-0000df51-4350-8000-9ba2-011c48011c48_4171</uuid>
                        <uuid>29b0aa0b-2501-47b6-95e9-5bb31d235731_CHANGEDSECONSTANT</uuid>
                        <uuid>_a-0000df51-4350-8000-9ba2-011c48011c48_4176</uuid>
                        <uuid>_a-0000df51-4350-8000-9ba2-011c48011c48_4177</uuid>
                        <uuid>_a-0000df51-4350-8000-9ba2-011c48011c48_4178</uuid>
                        <uuid>_a-0000df51-4350-8000-9ba2-011c48011c48_4179</uuid>
                        <uuid>_a-0000df51-4350-8000-9ba2-011c48011c48_4180</uuid>
                        <uuid>bd6bb3af-6235-4c92-98eb-82287dda298b</uuid>
                        <uuid>3458acf6-90db-40d1-b3ae-44116cc8d42c_KC</uuid>
                        <uuid>8cb706ed-d3ee-4dc8-93eb-3aee014f0b47</uuid>
                        <uuid>_a-0000df51-4350-8000-9ba2-011c48011c48_4120</uuid>
                        <uuid>2849ff7d-30bd-4c10-b748-11020b3e7192_ACTIONSKIPPED</uuid>
                        <uuid>_a-0000df51-4350-8000-9ba2-011c48011c48_4119</uuid>
                        <uuid>53621e5a-c914-48ec-b301-d575ec8a7e95_FORMATNAME</uuid>
                        <uuid>9aec22c8-cf4a-45cd-9cfa-733a376bb6e7_ACTIONCOMPLETED</uuid>
                        <uuid>_a-0000df51-4350-8000-9ba2-011c48011c48_4121</uuid>
                        <uuid>_a-0000df51-4350-8000-9ba2-011c48011c48_4123</uuid>
                        <uuid>_a-0000df51-4350-8000-9ba2-011c48011c48_4133</uuid>
                        <uuid>_a-0000df51-4350-8000-9ba2-011c48011c48_4145</uuid>
                        <uuid>_a-0000df51-4350-8000-9ba2-011c48011c48_4135</uuid>
                        <uuid>bd2fb7f5-7360-4f3a-a345-2356b694827a_MAKEACTIVITYCDT</uuid>
                        <uuid>7b8e3fcf-660d-4eb2-a233-ae6fd7e47d70_GETONERECORD</uuid>
                        <uuid>_a-0000df51-4350-8000-9ba2-011c48011c48_4140</uuid>
                        <uuid>_a-0000df51-4350-8000-9ba2-011c48011c48_4129</uuid>
                        <uuid>_a-0000df51-4350-8000-9ba2-011c48011c48_4136</uuid>
                        <uuid>_a-0000df51-4350-8000-9ba2-011c48011c48_4132</uuid>
                        <uuid>_a-0000df51-4350-8000-9ba2-011c48011c48_4147</uuid>
                        <uuid>_a-0000df51-4350-8000-9ba2-011c48011c48_4148</uuid>
                        <uuid>_a-0000df51-4350-8000-9ba2-011c48011c48_4151</uuid>
                        <uuid>_a-0000df51-4350-8000-9ba2-011c48011c48_4141</uuid>
                        <uuid>_a-0000df51-4350-8000-9ba2-011c48011c48_4152</uuid>
                        <uuid>_a-0000df51-4350-8000-9ba2-011c48011c48_4154</uuid>
                        <uuid>_a-0000df51-4350-8000-9ba2-011c48011c48_4155</uuid>
                        <uuid>_a-0000df51-4350-8000-9ba2-011c48011c48_4124</uuid>
                        <uuid>_a-0000df51-4350-8000-9ba2-011c48011c48_4146</uuid>
                        <uuid>_a-0000df51-4350-8000-9ba2-011c48011c48_4153</uuid>
                        <uuid>_a-0000df51-4350-8000-9ba2-011c48011c48_4161</uuid>
                        <uuid>581c781b-3361-473a-9fa4-3bff74d97cfa_TASKFORM</uuid>
                        <uuid>_a-0000df51-4350-8000-9ba2-011c48011c48_4159</uuid>
                        <uuid>_a-0000df51-4350-8000-9ba2-011c48011c48_4158</uuid>
                        <uuid>_a-0000df51-4350-8000-9ba2-011c48011c48_4128</uuid>
                        <uuid>ebfce2bc-8fb0-425c-af09-16833ce68c03_ATTACH</uuid>
                        <uuid>_a-0000df51-4350-8000-9ba2-011c48011c48_4126</uuid>
                        <uuid>_a-0000df51-4350-8000-9ba2-011c48011c48_4149</uuid>
                        <uuid>_a-0000df51-4350-8000-9ba2-011c48011c48_4127</uuid>
                        <uuid>29f80131-7953-4713-aeba-fe525d6aab8f</uuid>
                        <uuid>_a-0000df51-4350-8000-9ba2-011c48011c48_4130</uuid>
                        <uuid>_a-0000df51-4350-8000-9ba2-011c48011c48_4125</uuid>
                        <uuid>_a-0000df51-4350-8000-9ba2-011c48011c48_4139</uuid>
                        <uuid>_a-0000df51-4350-8000-9ba2-011c48011c48_4131</uuid>
                        <uuid>_a-0000df51-4350-8000-9ba2-011c48011c48_4134</uuid>
                        <uuid>_a-0000df51-4350-8000-9ba2-011c48011c48_4144</uuid>
                        <uuid>_a-0000df51-4350-8000-9ba2-011c48011c48_4143</uuid>
                        <uuid>_a-0000df51-4350-8000-9ba2-011c48011c48_4163</uuid>
                        <uuid>_a-0000df51-4350-8000-9ba2-011c48011c48_4150</uuid>
                        <uuid>_a-0000df51-4350-8000-9ba2-011c48011c48_4156</uuid>
                        <uuid>_a-0000df51-4350-8000-9ba2-011c48011c48_4164</uuid>
                        <uuid>_a-0000df51-4350-8000-9ba2-011c48011c48_4162</uuid>
                    </uuids>
                </item>
                <item>
                    <type>forum</type>
                    <uuids/>
                </item>
                <item>
                    <type>processModelFolder</type>
                    <uuids>
                        <uuid>285eed4b-2ce2-402c-9b4a-2a737d3b5c8c</uuid>
                    </uuids>
                </item>
                <item>
                    <type>processModel</type>
                    <uuids>
                        <uuid>b7f63ab2-d7f2-4a31-af8d-34a0aa6a969e</uuid>
                        <uuid>e6ff0214-7369-4409-b84a-56370f2ba467</uuid>
                        <uuid>ad5fe7d5-a03a-41d2-8d90-ec1aa28776be</uuid>
                    </uuids>
                </item>
                <item>
                    <type>portlet</type>
                    <uuids/>
                </item>
                <item>
                    <type>page</type>
                    <uuids/>
                </item>
                <item>
                    <type>application</type>
                    <uuids/>
                </item>
                <item>
                    <type>tempoFeed</type>
                    <uuids>
                        <uuid>8d21f9a2-6949-41a3-9a81-980bb8e9416d</uuid>
                    </uuids>
                </item>
                <item>
                    <type>recordType</type>
                    <uuids>
                        <uuid>e4633df9-708e-43bf-87aa-cec7e0c64eb0</uuid>
                    </uuids>
                </item>
                <item>
                    <type>tempoReport</type>
                    <uuids>
                        <uuid>0c4da071-6b80-4f6f-97f2-5df8935ee223</uuid>
                    </uuids>
                </item>
                <item>
                    <type>taskReport</type>
                    <uuids>
                        <uuid>5f399210-bc59-4eb5-809d-384157b0fa3e</uuid>
                    </uuids>
                </item>
                <item>
                    <type>webApi</type>
                    <uuids/>
                </item>
                <item>
                    <type>site</type>
                    <uuids>
                        <uuid>4f07a22f-c544-4138-bc16-9c71eb88d733_SITE</uuid>
                    </uuids>
                </item>
                <item>
                    <type>adminSetting</type>
                    <uuids/>
                </item>
                <item>
                    <type>thirdPartyCredentials</type>
                    <uuids/>
                </item>
                <item>
                    <type>dataSource</type>
                    <uuids/>
                </item>
                <item>
                    <type>embeddedSailTheme</type>
                    <uuids/>
                </item>
                <item>
                    <type>connectedSystem</type>
                    <uuids/>
                </item>
            </globalIdMap>
        </associatedObjects>
        <applicationNavigation/>
        <applicationActions>
            <action>
                <displayLabel>New Thought Starter</displayLabel>
                <description>Create a new Thought Starter</description>
                <processModelUuid>ad5fe7d5-a03a-41d2-8d90-ec1aa28776be</processModelUuid>
                <actionUuid>6269a7a6-7a80-4545-abb2-2c268ae8d1ee</actionUuid>
            </action>
        </applicationActions>
        <associatedApplications>
            <globalIdMap>
                <item>
                    <type>datatype</type>
                    <uuids/>
                </item>
                <item>
                    <type>dataStore</type>
                    <uuids/>
                </item>
                <item>
                    <type>user</type>
                    <uuids/>
                </item>
                <item>
                    <type>groupType</type>
                    <uuids/>
                </item>
                <item>
                    <type>group</type>
                    <uuids/>
                </item>
                <item>
                    <type>content</type>
                    <uuids/>
                </item>
                <item>
                    <type>forum</type>
                    <uuids/>
                </item>
                <item>
                    <type>processModelFolder</type>
                    <uuids/>
                </item>
                <item>
                    <type>processModel</type>
                    <uuids/>
                </item>
                <item>
                    <type>portlet</type>
                    <uuids/>
                </item>
                <item>
                    <type>page</type>
                    <uuids/>
                </item>
                <item>
                    <type>application</type>
                    <uuids/>
                </item>
                <item>
                    <type>tempoFeed</type>
                    <uuids/>
                </item>
                <item>
                    <type>recordType</type>
                    <uuids/>
                </item>
                <item>
                    <type>tempoReport</type>
                    <uuids/>
                </item>
                <item>
                    <type>taskReport</type>
                    <uuids/>
                </item>
                <item>
                    <type>webApi</type>
                    <uuids/>
                </item>
                <item>
                    <type>site</type>
                    <uuids/>
                </item>
                <item>
                    <type>adminSetting</type>
                    <uuids/>
                </item>
                <item>
                    <type>thirdPartyCredentials</type>
                    <uuids/>
                </item>
                <item>
                    <type>dataSource</type>
                    <uuids/>
                </item>
                <item>
                    <type>embeddedSailTheme</type>
                    <uuids/>
                </item>
                <item>
                    <type>connectedSystem</type>
                    <uuids/>
                </item>
            </globalIdMap>
        </associatedApplications>
    </application>
    <roleMap>
        <contentRoleMap public="true">
            <role inherit="false" allowForAll="false" name="readers">
                <users/>
                <groups>
                    <groupUuid>_e-0000df51-4311-8000-9aee-01075c01075c_11</groupUuid>
                </groups>
            </role>
            <role inherit="false" allowForAll="false" name="authors">
                <users/>
                <groups/>
            </role>
            <role inherit="false" allowForAll="false" name="administrators">
                <users/>
                <groups>
                    <groupUuid>_e-0000df51-4311-8000-9aee-01075c01075c_10</groupUuid>
                </groups>
            </role>
            <role inherit="false" allowForAll="false" name="denyReaders">
                <users/>
                <groups/>
            </role>
            <role inherit="false" allowForAll="false" name="denyAuthors">
                <users/>
                <groups/>
            </role>
            <role inherit="false" allowForAll="false" name="denyAdministrators">
                <users/>
                <groups/>
            </role>
        </contentRoleMap>
    </roleMap>
    <history>
        <historyInfo versionUuid="_a-0000df6d-83a9-8000-9ba2-011c48011c48_42227"/>
    </history>
</applicationHaul>
