<?xml version="1.0" encoding="UTF-8" standalone="yes"?>
<groupHaul xmlns:a="http://www.appian.com/ae/types/2009">
    <group>
        <name>My Idea Collector Users</name>
        <securityMap>SECURITYMAP_TEAM</securityMap>
        <uuid>_e-0000df51-4311-8000-9aee-01075c01075c_11</uuid>
        <groupTypeUuid>SYSTEM_GROUP_TYPE_CUSTOM</groupTypeUuid>
        <description>Group that all My Idea Collector activity is secured to</description>
        <delegatedCreation>false</delegatedCreation>
        <memberPolicy>MEMBERPOLICY_CLOSED</memberPolicy>
        <viewingPolicy>VIEWINGPOLICY_LOW</viewingPolicy>
        <attributes/>
    </group>
    <members>
        <users/>
        <groups>
            <groupUuid>_e-0000df51-4311-8000-9aee-01075c01075c_10</groupUuid>
        </groups>
    </members>
    <admins>
        <users/>
        <groups>
            <groupUuid>_e-0000df51-4311-8000-9aee-01075c01075c_10</groupUuid>
            <groupUuid>_e-0000df51-4311-8000-9aee-01075c01075c_11</groupUuid>
        </groups>
    </admins>
    <ruleSet/>
</groupHaul>
