<?xml version="1.0" encoding="UTF-8" standalone="yes"?>
<taskReportHaul xmlns:a="http://www.appian.com/ae/types/2009">
    <taskReport a:uuid="5f399210-bc59-4eb5-809d-384157b0fa3e" name="My Idea Collector">
        <a:description>Task report showing open tasks in the My Idea Collector application</a:description>
        <a:uiExpr>=#"_a-0000df51-4350-8000-9ba2-011c48011c48_4162"()</a:uiExpr>
        <a:urlStub>KMSYVA</a:urlStub>
    </taskReport>
    <roleMap>
        <role name="report_administrator">
            <users/>
            <groups>
                <groupUuid>_e-0000df51-4311-8000-9aee-01075c01075c_10</groupUuid>
            </groups>
        </role>
        <role name="report_viewer">
            <users/>
            <groups>
                <groupUuid>_e-0000df51-4311-8000-9aee-01075c01075c_11</groupUuid>
            </groups>
        </role>
    </roleMap>
</taskReportHaul>
